{
    "keep": {
        "days": false,
        "amount": 30
    },
    "auditLog": "C:\\dev\\customers_chat\\server\\src\\logs\\error\\.d0aeceb8c6ed40d9005ff10f8f89045d84f8ae72-audit.json",
    "files": [
        {
            "date": 1722092490836,
            "name": "C:\\dev\\customers_chat\\server\\src\\logs\\error\\2024-07-27.log",
            "hash": "30bfaf6b9976c62df5cd88e6766b580869880f661f82e33f691487ec1ebca139"
        },
        {
            "date": 1722163673656,
            "name": "C:\\dev\\customers_chat\\server\\src\\logs\\error\\2024-07-28.log",
            "hash": "d4ecf9073aff6360eab327bbac44b13b9f236d7bcce9a5873c6a3c9be308352b"
        },
        {
            "date": 1722231461004,
            "name": "C:\\dev\\customers_chat\\server\\src\\logs\\error\\2024-07-29.log",
            "hash": "3806183113a54a91ea19576b55d58fd1a4678cade3cf9157e8d8ef503318f510"
        },
        {
            "date": 1722460853865,
            "name": "C:\\dev\\customers_chat\\server\\src\\logs\\error\\2024-08-01.log",
            "hash": "5ddfa698ebf9b317d5fcfc89d46cb7ad33001856cb4f30d36bcfe64b63b05231"
        },
        {
            "date": 1722806970292,
            "name": "C:\\dev\\customers_chat\\server\\src\\logs\\error\\2024-08-05.log",
            "hash": "64c20cb9769f464c51fdbde07fa8fda43ef6b4bd599c469e6cf5bb754b22541c"
        },
        {
            "date": 1722968674819,
            "name": "C:\\dev\\customers_chat\\server\\src\\logs\\error\\2024-08-06.log",
            "hash": "74bb250316b799dd67432320a44b472aa7388feba08a38f96cb3b10459cbe094"
        }
    ],
    "hashType": "sha256"
}