{
    "keep": {
        "days": false,
        "amount": 30
    },
    "auditLog": "C:\\dev\\customers_chat\\server\\src\\logs\\debug\\.2cea73e8630f7499252319b65d56401ed7f8ab3b-audit.json",
    "files": [
        {
            "date": 1722092490818,
            "name": "C:\\dev\\customers_chat\\server\\src\\logs\\debug\\2024-07-27.log",
            "hash": "a7d41659cb44548a0a18e607fb3de94ed1dcd5a3679c5ea5651695d5d14a70d0"
        },
        {
            "date": 1722163673644,
            "name": "C:\\dev\\customers_chat\\server\\src\\logs\\debug\\2024-07-28.log",
            "hash": "3bcf7208e991517024a6756e03fcf81bb0db46f24341098e423f6a315cbca51a"
        },
        {
            "date": 1722231460988,
            "name": "C:\\dev\\customers_chat\\server\\src\\logs\\debug\\2024-07-29.log",
            "hash": "184414154885b44ee6eb441a99611ce05fff678fce8fea5b45e1703729c4023a"
        },
        {
            "date": 1722460853853,
            "name": "C:\\dev\\customers_chat\\server\\src\\logs\\debug\\2024-08-01.log",
            "hash": "eb3f4c341bf37be73a69d94f7dd777ef8f56ffb557698acb62161aa4bcaf0928"
        },
        {
            "date": 1722806970278,
            "name": "C:\\dev\\customers_chat\\server\\src\\logs\\debug\\2024-08-05.log",
            "hash": "53b6e9b1b0ab8413d77567a81c10a8d725427b1fa41c54f5f591d5f1c5161579"
        },
        {
            "date": 1722968674802,
            "name": "C:\\dev\\customers_chat\\server\\src\\logs\\debug\\2024-08-06.log",
            "hash": "015c434cd8be9783f2381f95c356d11e84dcf344e05447c548626f90971b0033"
        }
    ],
    "hashType": "sha256"
}